English,Chinese,Category,Notes
Quest,任务,核心,游戏任务系统 Quest %1s → 任务 %1s
Merchandise,商品,经济,城镇交易货物
Money,金币,经济,游戏货币单位
Coins,金币,经济,Not enough coins → 金币不足
Vehicle,车辆,核心,玩家驾驶的卡车统称
Truck,卡车,核心,主角座驾
Cabin,驾驶室,部件,卡车前部驾驶舱
Body,车厢,部件,卡车货箱 Buy Body → 购买车厢
Gadget,配件,部件,车辆改装件 Vehicle improvement → 车辆配件
Weapon,武器,战斗,枪械统称
Vehicles destroyed,摧毁车辆数,统计,战绩统计页
Hit ratio,命中率,战斗,百分比命中统计
Favorite weapon,最常用武器,统计,战绩统计页
Dwellers,居民,世界,游戏内NPC居民
Game time,游戏时间,统计,现实游玩时长
Days lived within game,游戏内度过天数,统计,游戏世界天数
Distance traveled,行驶里程,统计,单位公里
Settings,设置,界面,设置窗口标题
Full screen,全屏,设置,
Resolution,分辨率,设置,
Video card,显卡,设置,
Water reflections,水面反射,设置,
Static shadows,静态阴影,设置,
Dynamic shadows,动态阴影,设置,
Shadows quality,阴影质量,设置,
View distance,视距,设置,
Effects,特效,设置,
Sound,音效,设置,
Music,音乐,设置,
Low,低,设置,低/中/高三档
Medium,中,设置,低/中/高三档
High,高,设置,低/中/高三档
Near,近,设置,视距近
Far,远,设置,视距远
Confirmation,确认,界面,
Caravan,商队,任务,护送商队任务
Hunt,狩猎,任务,按击杀数领赏
Checkpoint,检查点,赛车,
Horn,喇叭键,操作,按喇叭键进入城镇
Faction,派系,世界,敌对/友好阵营
Journal,日志,界面,含剧情/书籍栏目
Cargo hold,货舱,核心,卡车货箱
Inventory,物品栏,界面,背包/物品界面
Price,价格,经济,交易价格
Average price,均价,经济,基准价格 BasePrice
Amount,数量,经济,交易数量
Buy,购买,经济,购买按钮
Sell,出售,经济,出售按钮
Repair,修理,服务,车辆/装甲修理
Refuel,加油,服务,补充燃料
Recharge,装弹,服务,补充弹药
Paint,喷漆,服务,车辆改色 BuySkin
Power,马力,参数,引擎功率（匹）
Engine power,引擎马力,参数,
Torque,扭矩,参数,
Durability,耐久度,参数,耐久/耐久值
Speed,速度,参数,
Max Speed,最高速度,参数,公里/小时
Weight,重量,参数,单位吨
Damage,伤害,参数,武器伤害值
Rate of fire,射速,参数,射速
Fire distance,射程,参数,射击距离
Armor,装甲,参数,装甲值
Resistance,抗性,参数,伤害抗性
Ammunition,弹药,参数,弹药量 ShellPool
Clip size,弹匣容量,参数,ChargeSize
Reload time,装填时间,参数,RechargingTime
Accuracy,精度,参数,命中精度
Piercing,穿甲,战斗,穿甲伤害类型
Explosive,爆炸,战斗,爆炸伤害类型 Blast
Energy,能量,战斗,能量伤害类型
Fuel,燃料,核心,车辆燃料
Structure,结构,参数,车辆结构值
Control,操控,参数,操控性
MachineGun,机枪,武器,武器类型
Cannon,火炮,武器,武器类型
Shotgun,霰弹枪,武器,武器类型
Laser,激光,武器,武器类型
Plasma gun,等离子炮,武器,武器类型
Missile launcher,导弹发射器,武器,武器类型 Rocket
Mortar,迫击炮,武器,武器类型 Artillery
Lightning gun,雷电枪,武器,武器类型 Thunderbolt
Mine layer,布雷器,武器,武器类型 Mine
Nail dispenser,撒钉器,武器,武器类型 Nail
Turbo,涡轮增压,武器,武器类型
Oil dispenser,撒油器,武器,武器类型 Oil
Smoke screen,烟幕,武器,武器类型 Type_Smoke
NavPoint,导航点,界面,雷达导航点
Global Map,世界地图,界面,大地图
Local Map,区域地图,界面,局部地图
Trade Mode,交易模式,界面,
Info Mode,信息模式,界面,
Affixes,词缀,核心,装备附加属性
Clans,派系,世界,游戏派系
History,剧情,界面,日志中的剧情栏
Books,书籍,界面,日志中的书籍栏
Encyclopedia,百科全书,界面,
Statistic,统计,界面,战绩页
Relationship,关系,世界,派系关系
Enemy,敌对,关系,敌对关系
Friend,友好,关系,友好关系
Neutral,中立,关系,中立关系
Peace,和平,关系,和平状态
War,战争,关系,战争状态
Quest log,任务日志,界面,Tab按钮
Radar,雷达,界面,雷达面板
Speedometer,速度表,界面,速度表面板
Timer,计时器,界面,计时器面板
Workshop,车间,界面,改装车间
Description,描述,界面,物品描述
Accelerate,加速,操作,油门
Brake,刹车,操作,
Handbrake,手刹,操作,
Turn left,左转,操作,方向盘
Turn right,右转,操作,方向盘
Headlights,大灯,操作,车灯
Quicksave,快速存档,操作,
Quickload,快速读取,操作,
Pause,暂停,操作,
Bar,酒吧,界面,城镇内酒吧
Help,帮助,界面,
Run,奔跑,操作,步行模式
Zoom camera,缩放镜头,操作,
Camera rotation,旋转镜头,操作,
Fire group,开火组,操作,武器组1-5
Fire all groups,全部开火,操作,
Reload weapon,装填武器,操作,
Profile,档案,界面,玩家档案
Credits,制作组,界面,制作人员
Options,选项,界面,设置选项
Intro,开场动画,界面,
New Game,新游戏,界面,主菜单
Game difficulty,游戏难度,界面,
Easy,简单,难度,
Medium,中等,难度,
Hard,困难,难度,
Impossible,极难,难度,
Gamma,伽马,设置,
Graphics quality,画面质量,设置,
Antialiasing,抗锯齿,设置,
Filtering,过滤,设置,
Bloom quality,泛光质量,设置,
Water quality,水面质量,设置,
Mouse sensitivity,鼠标灵敏度,设置,
Useless,无用,词缀,负面词缀
Rusty,生锈,词缀,负面词缀
Excellent,优秀,词缀,正面词缀
Advanced,高级,词缀,正面词缀
Slow,缓慢,词缀,武器词缀
Assault,突击,词缀,武器词缀
Rapid-firing,速射,词缀,武器词缀
Weak,低劣,词缀,武器词缀
Deadly,致命,词缀,武器词缀
Destructive,破坏性,词缀,武器词缀
Grouping angle,散布角,参数,射击散布
Barrel,枪管,部件,武器枪管
Cooling,冷却,部件,枪管冷却
Sight,瞄准器,部件,武器瞄准
Vagabonds,流浪者,派系,
Adventurers,冒险者,派系,
Explorers,探险家,派系,
Nomads,游牧民,派系,
Bounty hunters,赏金猎人,派系,
Doom bringers,末日使者,派系,
Farmers' union,农夫联盟,派系,
Technicians,技师,派系,
North Path Traders,北路商人,派系,
Free Traders' Alliance,自由商人联盟,派系,
Brigade,旅团,派系,
Fishermen,渔民,派系,
Crimson dawn,猩红之晨,派系,CD
Commonwealth of Independent Towns,独立城镇联邦,派系,CIT
Church of Enlightenment,启蒙教会,派系,COE
Druids,德鲁伊,派系,
Children of Iron,铁之子,派系,
Oracle's disciples,神谕信徒,派系,
Steel Giants,钢铁巨人,派系,
Rebels,叛军,派系,
Desert dwellers,沙漠居民,派系,
Madmen,狂人,派系,
Gas station,加油站,地点,
Krai,克莱,地名,第一章区域
Vaterland,瓦特兰,地名,第二章区域
Vahat,瓦哈特,地名,第四章区域
Ridzin,里津,地名,
Argen,阿尔根,地名,
Librium,利布里姆,地名,
Hel,赫尔,地名,
Sacred Grove,圣林,地名,
Ignott,伊格诺特,地名,
Zarmek,扎尔梅克,地名,
Oasia,奥西亚,地名,
Colosseum,竞技场,地点,
Buhara,布哈拉,地名,DLC沙漠港口
Kef,凯夫,地名,DLC城镇
Gadad,加达德,地名,DLC城镇
Khazif,哈兹夫,地名,DLC油田区
Source,源点,剧情,UFO坠毁地/变异源
UFO,UFO,剧情,外星飞船
Oracle,神谕,剧情,AI角色/北方岛屿
Call,召唤,剧情,Great Call 伟大召唤
Perks,特长,系统,DLC新增特长系统
Multiplayer,多人模式,系统,DLC联机模式
Deathmatch,死亡竞赛,多人,DM模式
Team Deathmatch,团队死亡竞赛,多人,TDM模式
Sam,Sam,人名,DLC主角
Kitty,Kitty,人名,DLC角色
Borne,Borne,人名,DLC角色
Charm,护符,任务,关键任务物品
Sea Gates,海门,剧情,通往南方的传送门
Death Desert,死亡沙漠,地名,东方沙漠
Glukhoe,Glukhoe,地名,主角家乡村庄
Ivan Go,伊万·戈,角色,主角生父/探险家
Ben Throttle,本·斯罗特尔,角色,父亲的朋友
Felix,费利克斯,角色,第一章匪徒头目
Lisa,丽莎,角色,北方来的姑娘
Axel,阿克塞尔,角色,猩红之晨领袖
Alice,爱丽丝,角色,周游世界的姑娘
Sinx,辛克斯,角色,流浪怪人
Homer,荷马,角色,DLC说书人
Sergo,谢尔戈,角色,父亲的朋友
Peter,彼得,角色,养父
Sam,萨姆,角色,DLC主角
Kitty,凯蒂,角色,DLC
Ethan,伊森,角色,DLC土匪
Ragman,破布客,角色,DLC古董贩
Belaz,贝拉斯,车辆,重型卡车
Ural,乌拉尔,车辆,重型卡车
Scout,侦察兵,车辆,轻型
Hunter,猎手,车辆,中型
Fighter,斗士,车辆,中型
Cruiser,巡洋者,车辆,军用
Van,蓬车,车辆,轻型
Lorry,轻卡,车辆,轻型
Peacekeeper,维和者,车辆,重型
Mirotvorec,缔和者,车辆,和平缔造者
Hornet,大黄蜂,武器,5.45mm机枪
Specter,幽灵,武器,双管机枪
Vulcan,火神,武器,转管机枪
Maxim,马克沁,武器,军用激光
Rapier,刺剑,武器,远程火炮
Fagot,法戈特,武器,速射火炮
Kord,科德,武器,12.7mm机枪
Vector,矢量,武器,火炮
Octopus,章鱼,武器,速射火炮
Cyclops,独眼巨人,武器,37mm远程火炮
Elephant,巨象,武器,能量武器
Hurricane,飓风,武器,导弹
Hammer,战锤,武器,重型武器
Odin,奥丁,武器,毁灭性武器
Omega,欧米茄,武器,范围武器
Zeus,宙斯,武器,闪电武器
Mars,玛尔斯,武器,侧向武器
Dragon,火龙,武器,火箭发射器
Asgard,阿斯加德,地名,克莱地区城镇
Midgard,米德加德,地名,里津地区城镇
Seth,塞斯,地名,德鲁伊首都
Seil,塞尔,地名,利布里姆城镇
Ohlm,奥尔姆,地名,北方城镇
Toscana,托斯卡纳,地名,阿尔根城镇
Marezzia,马雷齐亚,地名,阿尔根城镇
Zeon,锡安,地名,Axel秘密城镇
Harakhat,哈拉卡特,派系,奥西亚原住民
Kurtadam,库尔塔丹,派系,
Njeri,涅里,派系,外星种族
Excalibur,王者之剑,部件,顶级车厢
Masamune,正宗,部件,顶级车厢
Centurion,百夫长,部件,驾驶室
Scull,骷髅,部件,驾驶室
Phantom,幻影,部件,驾驶室
Meteor,流星,部件,驾驶室
Terminator,终结者,部件,驾驶室
